{
  "final_metrics": {
    "train": {
      "loss": 0.45167136880067676,
      "acc": 0.6589665653495441,
      "precision": 0.7308031774051191,
      "recall": 0.7638376383763837,
      "f1": 0.7469553450608931,
      "auc": 0.682056620031441
    },
    "val": {
      "loss": 0.46867547929286957,
      "acc": 0.2833333333333333,
      "precision": 0.0,
      "recall": 0.0,
      "f1": 0.0,
      "auc": 0.5442031463748289
    },
    "test": {
      "loss": 0.5120712320009867,
      "acc": 0.44368600682593856,
      "precision": 0.0,
      "recall": 0.0,
      "f1": 0.0,
      "auc": 0.46616328456819245
    }
  },
  "args": {
    "npz": ".\\data\\processed\\seq_MSFT_h10_L60_MB.npz",
    "out_dir": ".\\runs\\cnn1d_MSFT_h10_L60_MB",
    "epochs": 60,
    "batch": 128,
    "lr": 0.0002,
    "weight_decay": 0.0001,
    "channels": 48,
    "kernel": 5,
    "dropout": 0.5,
    "fc_hidden": 64,
    "no_class_weight": false,
    "pos_weight": null,
    "device": "auto",
    "patience": 10
  }
}