{
  "final_metrics": {
    "train": {
      "loss": 0.6160277255943843,
      "acc": 0.533106960950764,
      "precision": 0.6801007556675063,
      "recall": 0.27892561983471076,
      "f1": 0.3956043956043956,
      "auc": 0.6150514848105586
    },
    "val": {
      "loss": 0.633026917775472,
      "acc": 0.44656488549618323,
      "precision": 0.5,
      "recall": 0.1724137931034483,
      "f1": 0.2564102564102564,
      "auc": 0.5497200117889773
    },
    "test": {
      "loss": 0.625126858552297,
      "acc": 0.44200626959247646,
      "precision": 0.0,
      "recall": 0.0,
      "f1": 0.0,
      "auc": 0.5803649693202646
    }
  },
  "args": {
    "npz": ".\\data\\processed\\seq_TSLA_h10_L60_MB.npz",
    "out_dir": "runs\\cnn1d_20250929_143634",
    "epochs": 60,
    "batch": 128,
    "lr": 0.0002,
    "weight_decay": 0.0001,
    "channels": 32,
    "kernel": 5,
    "dropout": 0.5,
    "fc_hidden": 64,
    "no_class_weight": false,
    "pos_weight": null,
    "device": "auto"
  }
}