{
  "final_metrics": {
    "train": {
      "loss": 0.5346711782308725,
      "acc": 0.6353155339805825,
      "precision": 0.6576,
      "recall": 0.8261306532663316,
      "f1": 0.7322939866369711,
      "auc": 0.6465397431260437
    },
    "val": {
      "loss": 0.5386807918548584,
      "acc": 0.5269709543568465,
      "precision": 0.7191011235955056,
      "recall": 0.41830065359477125,
      "f1": 0.5289256198347108,
      "auc": 0.6056149732620321
    },
    "test": {
      "loss": 0.5618387659390768,
      "acc": 0.3197278911564626,
      "precision": 0.19230769230769232,
      "recall": 0.02717391304347826,
      "f1": 0.047619047619047616,
      "auc": 0.3292490118577075
    }
  },
  "args": {
    "npz": ".\\data\\processed\\seq_GOOGL_h10_L60_MB.npz",
    "out_dir": "runs\\cnn1d_20250929_151441",
    "epochs": 60,
    "batch": 128,
    "lr": 0.0002,
    "weight_decay": 0.0001,
    "channels": 32,
    "kernel": 5,
    "dropout": 0.5,
    "fc_hidden": 64,
    "no_class_weight": false,
    "pos_weight": null,
    "device": "auto"
  }
}