{
  "final_metrics": {
    "train": {
      "loss": 0.4586857259273529,
      "acc": 0.5155015197568389,
      "precision": 0.7585585585585586,
      "recall": 0.38837638376383765,
      "f1": 0.5137278828553996,
      "auc": 0.6401671369654873
    },
    "val": {
      "loss": 0.48810097575187683,
      "acc": 0.2833333333333333,
      "precision": 0.0,
      "recall": 0.0,
      "f1": 0.0,
      "auc": 0.5592510259917921
    },
    "test": {
      "loss": 0.5095499257246653,
      "acc": 0.44368600682593856,
      "precision": 0.0,
      "recall": 0.0,
      "f1": 0.0,
      "auc": 0.42137800849457285
    }
  },
  "args": {
    "npz": ".\\data\\processed\\seq_MSFT_h10_L60_MB.npz",
    "out_dir": "runs\\cnn1d_20250929_152104",
    "epochs": 60,
    "batch": 128,
    "lr": 0.0002,
    "weight_decay": 0.0001,
    "channels": 32,
    "kernel": 5,
    "dropout": 0.5,
    "fc_hidden": 64,
    "no_class_weight": false,
    "pos_weight": null,
    "device": "auto"
  }
}