{
  "final_metrics": {
    "train": {
      "loss": 0.45788535246482265,
      "acc": 0.5635258358662614,
      "precision": 0.7606837606837606,
      "recall": 0.492619926199262,
      "f1": 0.5979843225083986,
      "auc": 0.6523833954917089
    },
    "val": {
      "loss": 0.4867081791162491,
      "acc": 0.2833333333333333,
      "precision": 0.0,
      "recall": 0.0,
      "f1": 0.0,
      "auc": 0.5891757865937072
    },
    "test": {
      "loss": 0.5059904952843984,
      "acc": 0.44368600682593856,
      "precision": 0.0,
      "recall": 0.0,
      "f1": 0.0,
      "auc": 0.4247286455875413
    }
  },
  "args": {
    "npz": ".\\data\\processed\\seq_MSFT_h10_L60_MB.npz",
    "out_dir": "runs\\cnn1d_20250929_152600",
    "epochs": 60,
    "batch": 128,
    "lr": 0.0002,
    "weight_decay": 0.0001,
    "channels": 32,
    "kernel": 5,
    "dropout": 0.5,
    "fc_hidden": 64,
    "no_class_weight": false,
    "pos_weight": null,
    "device": "auto"
  }
}