{
  "final_metrics": {
    "train": {
      "loss": 0.5336544376153213,
      "acc": 0.5995145631067961,
      "precision": 0.7459618208516887,
      "recall": 0.5105527638190954,
      "f1": 0.6062052505966588,
      "auc": 0.6669811538550332
    },
    "val": {
      "loss": 0.5375403761863708,
      "acc": 0.5145228215767634,
      "precision": 0.7647058823529411,
      "recall": 0.33986928104575165,
      "f1": 0.47058823529411764,
      "auc": 0.6100713012477718
    },
    "test": {
      "loss": 0.5845473210016886,
      "acc": 0.36394557823129253,
      "precision": 0.38461538461538464,
      "recall": 0.02717391304347826,
      "f1": 0.050761421319796954,
      "auc": 0.3515810276679842
    }
  },
  "args": {
    "npz": ".\\data\\processed\\seq_GOOGL_h10_L60_MB.npz",
    "out_dir": ".\\runs\\cnn1d_GOOGL_h10_L60_MB",
    "epochs": 60,
    "batch": 128,
    "lr": 0.0002,
    "weight_decay": 0.0001,
    "channels": 48,
    "kernel": 5,
    "dropout": 0.5,
    "fc_hidden": 64,
    "no_class_weight": false,
    "pos_weight": null,
    "device": "auto",
    "patience": 10
  }
}