{
  "model_family": "cnn1d",
  "run_dir": ".\\runs\\cnn1d_GOOGL_h10_L60_MB",
  "npz": "data\\processed\\seq_GOOGL_h10_L60_MB.npz",
  "npz_basename": "seq_GOOGL_h10_L60_MB.npz",
  "input_dim": 25,
  "seq_len": 60,
  "metric_optimized": "f1",
  "tmin": 0.05,
  "tmax": 0.95,
  "nsteps": 181,
  "precision_min": 0.0,
  "val": {
    "auc": 0.5456030897207368,
    "best_threshold": 0.48499999999999993,
    "precision": 0.6666666666666666,
    "recall": 0.9803921568627451,
    "f1": 0.7936507936507936
  },
  "test": {
    "auc": 0.4879940711462451,
    "precision": 0.6219931271477663,
    "recall": 0.9836956521739131,
    "f1": 0.7621052631578947
  }
}