{
  "model_family": "lstm",
  "run_dir": ".\\runs\\lstm_20250928_134239",
  "npz": "data\\processed\\seq_GOOGL_h10_L60_MB.npz",
  "npz_basename": "seq_GOOGL_h10_L60_MB.npz",
  "input_dim": 25,
  "seq_len": 60,
  "metric_optimized": "f1",
  "tmin": 0.05,
  "tmax": 0.95,
  "nsteps": 181,
  "precision_min": 0.0,
  "val": {
    "auc": 0.5161913250148544,
    "best_threshold": 0.39499999999999996,
    "precision": 0.6440677966101694,
    "recall": 0.9934640522875817,
    "f1": 0.781491002570694
  },
  "test": {
    "auc": 0.49629446640316205,
    "precision": 0.6285714285714286,
    "recall": 0.8369565217391305,
    "f1": 0.7179487179487181
  }
}