{
  "final_metrics": {
    "train": {
      "loss": 0.45546149290524995,
      "acc": 0.6492401215805471,
      "precision": 0.7340720221606648,
      "recall": 0.7333948339483395,
      "f1": 0.7337332718043378,
      "auc": 0.649796751978215
    },
    "val": {
      "loss": 0.47587601840496063,
      "acc": 0.2833333333333333,
      "precision": 0.0,
      "recall": 0.0,
      "f1": 0.0,
      "auc": 0.6061046511627907
    },
    "test": {
      "loss": 0.538505623737971,
      "acc": 0.44368600682593856,
      "precision": 0.0,
      "recall": 0.0,
      "f1": 0.0,
      "auc": 0.39386503067484663
    }
  },
  "args": {
    "npz": ".\\data\\processed\\seq_MSFT_h10_L60_MB.npz",
    "out_dir": "runs\\cnn1d_20250927_223506",
    "epochs": 60,
    "batch": 128,
    "lr": 0.0002,
    "weight_decay": 0.0001,
    "channels": 32,
    "kernel": 5,
    "dropout": 0.5,
    "fc_hidden": 64,
    "no_class_weight": false,
    "pos_weight": null,
    "device": "auto"
  }
}