{
  "final_metrics": {
    "train": {
      "loss": 0.5988012850284576,
      "acc": 0.568760611205433,
      "precision": 0.764102564102564,
      "recall": 0.30785123966942146,
      "f1": 0.43888070692194403,
      "auc": 0.7074746066881121
    },
    "val": {
      "loss": 0.6370282570521036,
      "acc": 0.45038167938931295,
      "precision": 0.5060240963855421,
      "recall": 0.2896551724137931,
      "f1": 0.3684210526315789,
      "auc": 0.5202475685234306
    },
    "test": {
      "loss": 0.627594510714213,
      "acc": 0.47648902821316613,
      "precision": 0.6122448979591837,
      "recall": 0.16853932584269662,
      "f1": 0.2643171806167401,
      "auc": 0.5957845246633198
    }
  },
  "args": {
    "npz": ".\\data\\processed\\seq_TSLA_h10_L60_MB.npz",
    "out_dir": ".\\runs\\cnn1d_TSLA_h10_L60_MB",
    "epochs": 60,
    "batch": 128,
    "lr": 0.0002,
    "weight_decay": 0.0001,
    "channels": 48,
    "kernel": 5,
    "dropout": 0.5,
    "fc_hidden": 64,
    "no_class_weight": false,
    "pos_weight": null,
    "device": "auto",
    "patience": 10
  }
}