{
  "model_family": "cnn1d",
  "run_dir": ".\\runs\\cnn1d_TSLA_h10_L60_MB",
  "npz": "data\\processed\\seq_TSLA_h10_L60_MB.npz",
  "npz_basename": "seq_TSLA_h10_L60_MB.npz",
  "input_dim": 25,
  "seq_len": 60,
  "metric_optimized": "f1",
  "tmin": 0.05,
  "tmax": 0.95,
  "nsteps": 181,
  "precision_min": 0.0,
  "val": {
    "auc": 0.5513704686118479,
    "best_threshold": 0.05,
    "precision": 0.5534351145038168,
    "recall": 1.0,
    "f1": 0.7125307125307125
  },
  "test": {
    "auc": 0.6144712726113635,
    "precision": 0.5579937304075235,
    "recall": 1.0,
    "f1": 0.716297786720322
  }
}