{
  "final_metrics": {
    "train": {
      "loss": 0.6107202172279358,
      "acc": 0.5483870967741935,
      "precision": 0.7689873417721519,
      "recall": 0.2510330578512397,
      "f1": 0.37850467289719625,
      "auc": 0.643158674582898
    },
    "val": {
      "loss": 0.622981607913971,
      "acc": 0.5267175572519084,
      "precision": 0.92,
      "recall": 0.15862068965517243,
      "f1": 0.27058823529411763,
      "auc": 0.6039787798408488
    },
    "test": {
      "loss": 0.6275664965311686,
      "acc": 0.4702194357366771,
      "precision": 0.8461538461538461,
      "recall": 0.06179775280898876,
      "f1": 0.11518324607329843,
      "auc": 0.6077775121523628
    }
  },
  "args": {
    "npz": ".\\data\\processed\\seq_TSLA_h10_L60_MB.npz",
    "out_dir": "runs\\cnn1d_20250929_143828",
    "epochs": 60,
    "batch": 128,
    "lr": 0.0002,
    "weight_decay": 0.0001,
    "channels": 32,
    "kernel": 5,
    "dropout": 0.5,
    "fc_hidden": 64,
    "no_class_weight": false,
    "pos_weight": null,
    "device": "auto"
  }
}