{
  "final_metrics": {
    "train": {
      "loss": 0.6138681045600346,
      "acc": 0.5891341256366723,
      "precision": 0.5892330383480826,
      "recall": 0.8254132231404959,
      "f1": 0.6876075731497419,
      "auc": 0.6512705706513306
    },
    "val": {
      "loss": 0.6381697058677673,
      "acc": 0.5458015267175572,
      "precision": 0.5580357142857143,
      "recall": 0.8620689655172413,
      "f1": 0.6775067750677507,
      "auc": 0.6182139699381078
    },
    "test": {
      "loss": 0.6197512547175089,
      "acc": 0.5642633228840125,
      "precision": 0.6444444444444445,
      "recall": 0.4887640449438202,
      "f1": 0.5559105431309904,
      "auc": 0.614032990676548
    }
  },
  "args": {
    "npz": ".\\data\\processed\\seq_TSLA_h10_L60_MB.npz",
    "out_dir": "runs\\cnn1d_20250929_150135",
    "epochs": 60,
    "batch": 128,
    "lr": 0.0002,
    "weight_decay": 0.0001,
    "channels": 32,
    "kernel": 5,
    "dropout": 0.5,
    "fc_hidden": 64,
    "no_class_weight": false,
    "pos_weight": null,
    "device": "auto"
  }
}